{"schemaVersion":"1.0","appDefinitionTemplate":{"id":"/providers/Microsoft.PowerApps/apps/","type":"Microsoft.PowerApps/apps","tags":{"primaryDeviceWidth":"1366","primaryDeviceHeight":"768","supportsPortrait":"true","supportsLandscape":"true","primaryFormFactor":"Tablet","showStatusBar":"false","publisherVersion":"3.24045.24","minimumRequiredApiVersion":"2.2.0","hasComponent":"false","hasUnlockedComponent":"false","isUnifiedRootApp":"false","sienaVersion":"20240514T192358Z-3.24045.24.0"},"properties":{"appVersion":"2024-05-14T19:23:58Z","lifeCycleId":"Published","createdByClientVersion":{"major":3,"minor":24045,"build":24,"revision":0,"majorRevision":0,"minorRevision":0},"minClientVersion":{"major":3,"minor":24045,"build":24,"revision":0,"majorRevision":0,"minorRevision":0},"backgroundColor":"RGBA(0,176,240,1)","backgroundImageUri":"/2025612709610971447/Nb97ec4fc-27be-4df5-8623-84e98b3f15ac-logoSmallFile","displayName":"SPLinkToApp Form Template","description":"","commitMessage":"","appUris":{"documentUri":{"value":"/2025612709610971447/N04b4942f-3aa7-4d2d-b634-506b1a4b0910-document.msapp"},"imageUris":[],"additionalUris":[{"isSolutionAware":false,"value":"/2025612709610971447/N48bde8fb-8e60-484b-bacd-44c846a66fbb-identity.json"}]},"createdTime":"0001-01-01T00:00:00Z","lastModifiedTime":"0001-01-01T00:00:00Z","sharedGroupsCount":0,"sharedUsersCount":0,"connectionReferences":{},"databaseReferences":{},"almMode":"Environment","performanceOptimizationEnabled":false,"canConsumeAppPass":false,"enableModernRuntimeMode":false,"executionRestrictions":{"isTeamsOnly":false,"dataLossPreventionEvaluationResult":{"status":"Compliant","lastEvaluationDate":"2024-05-14T17:09:48.9016974Z","violations":[],"violationsByPolicy":[],"violationErrorMessage":"The app uses the following connectors: ."}}},"appType":"ClassicCanvasApp","appComponents":[]}}