{"__Version":"0.1","App":"652ef7a7-54d6-467e-bded-302080e93d12","Test_7F478737223C4B69":"24abee22-b8da-473a-98c9-8c405e78aaa5","Host":"8419bf56-bba2-416b-8d6b-464e7506f703","[DataSource] Screen":"2ba947fd-c84f-4f9b-8612-cf9d300bd7b3","con_Functions_DataSource":"8cb51353-5e9d-4e71-9a89-ecf5f44b6874","btn_CloseFormFunction_DataSource":"f3c2152c-c2bb-4571-8dfc-f46c96a85627","con_Header_DataSource":"5b1325b6-0185-4c3e-9ffe-d0ffca5252d1","ico_Back_DataSource":"4afd508b-85df-4a26-8c0c-50b8eabce929","ico_Logo_DataSource":"76812caf-3c24-4e5b-8a3f-48625b11df6c","lbl_Header_DataSource":"36ff7341-4323-4e11-982c-78bc2f088f69","ico_Close_DataSource":"47621318-469e-4478-a5b4-ee8811f983db","btn_Edit_DataSource":"1655155d-278e-46de-a291-bbc87c890990","lbl_VersionInfo_DataSource":"044599ca-a0f3-41fc-b1dc-38982e027a6e","con_Popups_DataSource":"ca05506d-19d1-4ba3-83c7-f5c5e4cf75d1","rec_PopupOverlay_DataSource":"690a8b79-47e8-4eac-9db2-b1d458ab09fb","con_Spinner_DataSource":"1bb43563-acc2-481e-86d3-3d427c6802a5","img_Spinner_DataSource":"ecc581b0-494b-4496-b83a-96327a9b6738","frm_ListForm_DataSource":"0210b7d8-e8b5-40ee-b97a-f8f1a759a911","con_Footer_DataSource":"e5555e23-2004-4efd-8abd-3be095d54fb9","rec_TopBorder_DataSource":"36b9dd9c-d7bd-45b3-b6a0-83d24c168d3f","btn_Save_DataSource":"f38df69e-09c1-4b19-831f-91dd2419f34e","btn_Cancel_DataSource":"9f174eb3-8d6c-42d6-bef6-02b54adf59ab"}